{"filesMd5":[{"page":"/config/index.js","md5":"fb90a579de6dc47799033f4366458027"},{"page":"/mediator/index.js","md5":"c6bdceefeec751e85a4af054a1dccef1"},{"page":"/pages/mobile/activity/index.js","md5":"e685ba2ddb933c71b33189989e918506"},{"page":"/pages/mobile/drops/cutDetail.js","md5":"6e4facf9a5b550e7119d2c04eecc88af"},{"page":"/pages/mobile/drops/index.js","md5":"4ea5f8dbcc909430f1f117a6cd9bfa07"},{"page":"/pages/mobile/index.js","md5":"1965e5836f4059c1bf06b3ffdb32a992"},{"page":"/pages/mobile/login/index.js","md5":"1e9d781a269aac971aaaad203f5c5764"},{"page":"/pages/mobile/my/faqTmp.js","md5":"87b4d086514a93a5832fbeead8bbf403"},{"page":"/pages/mobile/my/index.js","md5":"9b24ad49807a69ab4c05ffa84e5a15a2"},{"page":"/pages/mobile/my/myAboutUs.js","md5":"e309ed8b38c2b5115e7f4b120235d7a0"},{"page":"/pages/mobile/my/myDetail.js","md5":"8aef5cd1a474411ebaeb84816a02d1e7"},{"page":"/pages/mobile/my/myFaq.js","md5":"c6831e29e86b0068ad37b125d08e9fe4"},{"page":"/pages/mobile/my/myGender.js","md5":"e23f1009b0267dcb0d99e8559cfc815f"},{"page":"/pages/mobile/my/mySetting.js","md5":"6d62b9ab7597b26b07d47b7b9cbe597b"},{"page":"/pages/mobile/my/mySupport.js","md5":"4558c1c23243b1a33c9fa34cabdf6797"},{"page":"/pages/mobile/order/chooseAddress.js","md5":"18f64106968cb2a86d641e668e8e2d37"},{"page":"/pages/mobile/order/editAddress.js","md5":"63f0e701db978d20890ec4056b1cea69"},{"page":"/pages/mobile/home/index.js","md5":"b3c60a7781dad5af6de24df454310dc3"},{"page":"/pages/mobile/order/payFailure.js","md5":"e1b65d0a80f76e11c88d267614bf08b2"},{"page":"/pages/mobile/order/index.js","md5":"29d137fe0f543b99268554814be94a1f"},{"page":"/pages/mobile/order/paySuccess.js","md5":"28fe4485c2cec236f2680d2219e65f7e"},{"page":"/pages/mobile/order/payDetail.js","md5":"b5f40ae4c195eb0e76571b4571788e58"},{"page":"/pages/mobile/order/state.js","md5":"fc82aa80e7c69aaded34e989b6b03461"},{"page":"/pages/mobile/order/trackingPackage.js","md5":"9777886f323975096c18f018832094e8"},{"page":"/pages/mobile/shop/a.js","md5":"d50633e63bd834213d2996c1e57c05a7"},{"page":"/pages/mobile/shop/goodsDetail.js","md5":"81143cefe2d113c7eba8743867ef5709"},{"page":"/pages/mobile/shop/simpleGoodsDetail.js","md5":"adfa604e65fadec2abdbad414f3885ff"},{"page":"/pages/mobile/order/orderConfirm.js","md5":"4f7c73a6b24f39372c48cf80cdde857d"},{"page":"/pages/mobile/shop/ship.js","md5":"298cadab241d4c19fb972bfe76273dc9"},{"page":"/assets/default.png","md5":"046bece4d86e909a15532c1fdcb5403b"},{"page":"/assets/empty.png","md5":"11bbcaecb43cd2132895e92bbdc4dadd"},{"page":"/assets/loading.png","md5":"45fdb2498e37c64ed4ed78847a27993a"},{"page":"/assets/occupy.png","md5":"0e2d15d3c8d07556dc8286b8df3479fa"},{"page":"/assets/pay-failure.png","md5":"0ee8be403e2773cc9f6a9f597b59c2e9"},{"page":"/assets/pay-success.png","md5":"d9b4b39a9c1487bd8b674926711176ba"},{"page":"/assets/price-drop-logo.png","md5":"013c59bb0b9daafadd8780c00872ea96"},{"page":"/assets/rectangle-line.png","md5":"c78aff10fcef6814e8cc3f9e0f47892e"}],"android":"1.0.0","iOS":"1.0.0","appName":"Eros-mobile","jsVersion":"eb5b6579d8a690693fe3ad7492b9b065","timestamp":1528375434728,"jsPath":"https://app.weex-eros.com/source"}
