{"filesMd5":[{"page":"/config/index.js","md5":"05beb9ef5cb6c3441d15acba89b166c6"},{"page":"/mediator/index.js","md5":"c9009cea9422fe49c939823959010687"},{"page":"/pages/mobile/activity/index.js","md5":"291ae2811cf603b7aa8888ba673de7b0"},{"page":"/pages/mobile/drops/cutDetail.js","md5":"931897d7b463eeef3635507aac0dbf8d"},{"page":"/pages/mobile/drops/index.js","md5":"6ff3ff4c74fbfb5d684c1853739a6b60"},{"page":"/pages/mobile/index.js","md5":"7771b20fdbac4ce2dfe551ddab55472c"},{"page":"/pages/mobile/login/index.js","md5":"0469961985556aac371e927ab82ad049"},{"page":"/pages/mobile/my/faqTmp.js","md5":"092b9d9efeb892518ef4ab54dab4e185"},{"page":"/pages/mobile/my/index.js","md5":"601a0aad6a0d2b1a0ef2041953492058"},{"page":"/pages/mobile/my/myAboutUs.js","md5":"c2cafd41a0379454e9bd981ac7fbace4"},{"page":"/pages/mobile/my/myFaq.js","md5":"353474e9ad1c3740f5b9cad3a32ac499"},{"page":"/pages/mobile/my/myDetail.js","md5":"17e6fcfa35fa75a81e196322e54049d2"},{"page":"/pages/mobile/my/myGender.js","md5":"5ecd9065a6de0df1e6fb6f81a4b8a73e"},{"page":"/pages/mobile/my/mySetting.js","md5":"4507ccdec44481336bcaafacb6c19a61"},{"page":"/pages/mobile/my/mySupport.js","md5":"15c48e8774b3e4e1c9e12d0cbb23a12f"},{"page":"/pages/mobile/order/chooseAddress.js","md5":"b854319809995d651e81a32ed71889b4"},{"page":"/pages/mobile/order/editAddress.js","md5":"21dad002575b59ff5e72d2b3d3b33ae0"},{"page":"/pages/mobile/order/index.js","md5":"61c6ee9775b6e8ec841320fd0c024289"},{"page":"/pages/mobile/order/payFailure.js","md5":"9ff68c9d973c7343a17aa81954279b12"},{"page":"/pages/mobile/order/orderConfirm.js","md5":"65563bf1a5ab8f20b48e0ef66995872e"},{"page":"/pages/mobile/order/paySuccess.js","md5":"6673f6174cf20bef2168863771bbc8a8"},{"page":"/pages/mobile/order/state.js","md5":"212b4eae5d453aaaed14aac973c305eb"},{"page":"/pages/mobile/home/index.js","md5":"d3e2b5c83ecac83c042fc7239a7f649b"},{"page":"/pages/mobile/order/trackingPackage.js","md5":"120c28ec62adb9bc03faa8c3bf440ec0"},{"page":"/pages/mobile/shop/a.js","md5":"fe38a048c9496b8d767f30c833798597"},{"page":"/pages/mobile/shop/cutGoods.js","md5":"cfc6ecd47be162e4a68b4ed17f9b4d88"},{"page":"/pages/mobile/shop/goodsDetail.js","md5":"4d469c1bd7bda4e97b54db8bb16ea66f"},{"page":"/pages/mobile/order/payDetail.js","md5":"9a7f67066e7796b5ea6ad92696d57fe9"},{"page":"/pages/mobile/shop/ship.js","md5":"60d9cd2514f59dbe7062ef821bb1735c"},{"page":"/assets/default.png","md5":"046bece4d86e909a15532c1fdcb5403b"},{"page":"/assets/empty.png","md5":"11bbcaecb43cd2132895e92bbdc4dadd"},{"page":"/assets/loading.png","md5":"45fdb2498e37c64ed4ed78847a27993a"},{"page":"/assets/occupy.png","md5":"0e2d15d3c8d07556dc8286b8df3479fa"},{"page":"/assets/pay-failure.png","md5":"0ee8be403e2773cc9f6a9f597b59c2e9"},{"page":"/assets/pay-success.png","md5":"d9b4b39a9c1487bd8b674926711176ba"},{"page":"/assets/price-drop-logo.png","md5":"013c59bb0b9daafadd8780c00872ea96"},{"page":"/assets/rectangle-line.png","md5":"c78aff10fcef6814e8cc3f9e0f47892e"}],"android":"1.0.0","iOS":"1.0.0","appName":"Eros-mobile","jsVersion":"8313d52c78873df527c6dc49067fdf90","timestamp":1528259384176,"jsPath":"https://app.weex-eros.com/source"}
