{"filesMd5":[{"page":"/config/index.js","md5":"f2c7e46cab4d2e2de0a13879710c1537"},{"page":"/pages/mobile/activity/index.js","md5":"4a1ebdf0d04f7e19d3e81fcac601a772"},{"page":"/pages/mobile/drops/cutDetail.js","md5":"26bc7917b1ceb01386fe4136cef78957"},{"page":"/pages/mobile/drops/index.js","md5":"e2b33dd93a57e4b50f8bc89974324cc1"},{"page":"/mediator/index.js","md5":"aa1adbe2d190fc4c754cf1094788160c"},{"page":"/pages/mobile/home/index.js","md5":"93f1d5a5a7f508d8a25ea62b5c56a09c"},{"page":"/pages/mobile/index.js","md5":"7ed57885b0b3a85dfdea80858832dbdc"},{"page":"/pages/mobile/login/index.js","md5":"c00975b81dedaad6b6ac85726bb73476"},{"page":"/pages/mobile/my/faqTmp.js","md5":"cc05c3731669f49e6555b00fbb51b3f8"},{"page":"/pages/mobile/my/index.js","md5":"f284064b1a6466e9bf098edbdf0cfa2d"},{"page":"/pages/mobile/my/myAboutUs.js","md5":"cff6615747789931410dbd74235b028e"},{"page":"/pages/mobile/my/myDetail.js","md5":"a5dc29787ff9db93dd11b1a2a0f391e4"},{"page":"/pages/mobile/my/myFaq.js","md5":"b3d1d1abaefeba4fb570c374df7fd9a9"},{"page":"/pages/mobile/my/myGender.js","md5":"fccc35c92ca4b6e65a34f7f45afcba33"},{"page":"/pages/mobile/my/mySetting.js","md5":"322bfce4af93307efc74901341e1899a"},{"page":"/pages/mobile/my/mySupport.js","md5":"dc3731cb83a128a878787447ed799528"},{"page":"/pages/mobile/order/chooseAddress.js","md5":"e00220098df506d10a61715d0e77b1d2"},{"page":"/pages/mobile/order/editAddress.js","md5":"d3af5d3660ebaf6591b0d5622ccea222"},{"page":"/pages/mobile/order/payFailure.js","md5":"e9031ca3560a33efd654255500cbc55a"},{"page":"/pages/mobile/order/paySuccess.js","md5":"128fc904f182bae7ae9b3e8d3484fa2d"},{"page":"/pages/mobile/order/state.js","md5":"7821dc7b5fb6d3923d6d0ee24d3d96a8"},{"page":"/pages/mobile/shop/a.js","md5":"b9aaa64671c5a6b949f60d630c00b33a"},{"page":"/pages/mobile/order/trackingPackage.js","md5":"4415c3d58702399afd19e9a8515b46e7"},{"page":"/pages/mobile/shop/cutGoods.js","md5":"5a49591defffdf54f1ee2b68238e5380"},{"page":"/pages/mobile/shop/goodsDetail.js","md5":"974d8b7079800a52a4916e214b4b0902"},{"page":"/pages/mobile/order/index.js","md5":"4032b8c72a8a3642e8188341b59d4588"},{"page":"/pages/mobile/order/orderConfirm.js","md5":"a0177ddc9527b4a93dbbf8d8accb0055"},{"page":"/pages/mobile/order/payDetail.js","md5":"4ee5d40ac326ab90ba18e35b9fef7b58"},{"page":"/pages/mobile/shop/ship.js","md5":"4a9908c3fe46f358150452611824248c"},{"page":"/assets/default.png","md5":"046bece4d86e909a15532c1fdcb5403b"},{"page":"/assets/empty.png","md5":"11bbcaecb43cd2132895e92bbdc4dadd"},{"page":"/assets/loading.png","md5":"45fdb2498e37c64ed4ed78847a27993a"},{"page":"/assets/occupy.png","md5":"0e2d15d3c8d07556dc8286b8df3479fa"},{"page":"/assets/pay-failure.png","md5":"0ee8be403e2773cc9f6a9f597b59c2e9"},{"page":"/assets/pay-success.png","md5":"d9b4b39a9c1487bd8b674926711176ba"},{"page":"/assets/price-drop-logo.png","md5":"013c59bb0b9daafadd8780c00872ea96"},{"page":"/assets/rectangle-line.png","md5":"c78aff10fcef6814e8cc3f9e0f47892e"}],"android":"1.0.0","iOS":"1.0.0","appName":"Eros-mobile","jsVersion":"090db7ee323a2b3f9edcaac9ec0042da","timestamp":1527941336648,"jsPath":"https://app.weex-eros.com/source"}
