{"filesMd5":[{"page":"/config/index.js","md5":"1ece326bed5569cef7283826a3d78fb5"},{"page":"/mediator/index.js","md5":"aa1adbe2d190fc4c754cf1094788160c"},{"page":"/pages/mobile/activity/index.js","md5":"b4e2415994719438364f5f79f5af7c06"},{"page":"/pages/mobile/drops/index.js","md5":"d9352ea857890d98a0e72c63b90dd462"},{"page":"/pages/mobile/drops/cutDetail.js","md5":"d270784c54455774de3b8087be02fd92"},{"page":"/pages/mobile/home/index.js","md5":"ee6f6d340f087806db621725300ec126"},{"page":"/pages/mobile/index.js","md5":"5e8a92fa61f92e8b8aa2fb6e7b32a93d"},{"page":"/pages/mobile/login/index.js","md5":"5ecbb44aac058cbed06d36361807dece"},{"page":"/pages/mobile/my/faqTmp.js","md5":"4af6a48694ad3a43aabc6876c99a566f"},{"page":"/pages/mobile/my/index.js","md5":"34f187cc368cba4e14af30987900356e"},{"page":"/pages/mobile/my/myAboutUs.js","md5":"21c3964fadaeebf10897288f6b3906ae"},{"page":"/pages/mobile/my/myDetail.js","md5":"a18414e9a11021759d0f928a5044e3c1"},{"page":"/pages/mobile/my/myFaq.js","md5":"d494663231f61ab8dacd22e9deb6f0a7"},{"page":"/pages/mobile/my/myGender.js","md5":"a64837f115271c2a6b52025e581527a0"},{"page":"/pages/mobile/my/mySetting.js","md5":"3846228f962c24a069a963be4a241bb5"},{"page":"/pages/mobile/my/mySupport.js","md5":"5e13fe00f66657e8d382bd2909e9c5ae"},{"page":"/pages/mobile/order/chooseAddress.js","md5":"811634d36fc80cc21b60b23fe57d4142"},{"page":"/pages/mobile/order/editAddress.js","md5":"a7c705b4c725ef89fa7e98e1c5f284c5"},{"page":"/pages/mobile/order/index.js","md5":"49e9fc6bb3b78a50f265f3a3aee55264"},{"page":"/pages/mobile/order/orderConfirm.js","md5":"aa48b78689fb38427fb251321800a2ad"},{"page":"/pages/mobile/order/payDetail.js","md5":"a090ec1218055410d66b1d1c7e5aa80b"},{"page":"/pages/mobile/order/payFailure.js","md5":"ad1ca3418bd8c965d895971a7c06345c"},{"page":"/pages/mobile/order/paySuccess.js","md5":"5f2fe2ed56d1fa1e55c9f1504ad65726"},{"page":"/pages/mobile/order/state.js","md5":"d0bb73c4384837b10d079df39555b593"},{"page":"/pages/mobile/order/trackingPackage.js","md5":"711ce9fb50fafe8e8d2fa80334004075"},{"page":"/pages/mobile/shop/a.js","md5":"c184366e00cb0e05d66b296ea928cf36"},{"page":"/pages/mobile/shop/cutGoods.js","md5":"63992ca05c00731fce9a5252cd92e08e"},{"page":"/pages/mobile/shop/goodsDetail.js","md5":"280c283bbdac951ceb5cc08b46b4e2eb"},{"page":"/assets/default.png","md5":"046bece4d86e909a15532c1fdcb5403b"},{"page":"/assets/empty.png","md5":"11bbcaecb43cd2132895e92bbdc4dadd"},{"page":"/assets/loading.png","md5":"45fdb2498e37c64ed4ed78847a27993a"},{"page":"/assets/occupy.png","md5":"0e2d15d3c8d07556dc8286b8df3479fa"},{"page":"/assets/pay-failure.png","md5":"0ee8be403e2773cc9f6a9f597b59c2e9"},{"page":"/assets/pay-success.png","md5":"d9b4b39a9c1487bd8b674926711176ba"},{"page":"/assets/price-drop-logo.png","md5":"013c59bb0b9daafadd8780c00872ea96"},{"page":"/assets/rectangle-line.png","md5":"c78aff10fcef6814e8cc3f9e0f47892e"}],"android":"1.0.0","iOS":"1.0.0","appName":"Eros-mobile","jsVersion":"80a756d46587ba9fe79ef01873aab062","timestamp":1527823251178,"jsPath":"https://app.weex-eros.com/source"}
