{"filesMd5":[{"page":"/config/index.js","md5":"d43f8552e57a570dbdd038e626a0c233"},{"page":"/mediator/index.js","md5":"06eeac4af3de3dad77e86cfe7da34481"},{"page":"/pages/mobile/activity/index.js","md5":"cca3ff575e8cce5a3eb5780d5bfda44f"},{"page":"/pages/mobile/drops/index.js","md5":"a04d37af9bbaed52bb5ccdb341dff3bc"},{"page":"/pages/mobile/drops/cutDetail.js","md5":"9a91127a272ae90eba76cc2ca3c552ce"},{"page":"/pages/mobile/login/index.js","md5":"16db4df86e4e0756ec80727529bec2da"},{"page":"/pages/mobile/index.js","md5":"41b0e4e1f4ffddd148530cb798851ea1"},{"page":"/pages/mobile/my/faqTmp.js","md5":"afa4ac6f7a2db395bb53a2f3af422a76"},{"page":"/pages/mobile/my/index.js","md5":"2381e24bb68bd8baf7449c54dc4a8b03"},{"page":"/pages/mobile/home/index.js","md5":"bcc0fb0efbcfcf2313bd6d3c55754f97"},{"page":"/pages/mobile/my/myAboutUs.js","md5":"d52ecff704d89b4fce4521e9dc91cd70"},{"page":"/pages/mobile/my/myDetail.js","md5":"751e02e941ab89efcbce56cbaf50c0ee"},{"page":"/pages/mobile/my/myFaq.js","md5":"37afc7700fe076aa23491584f1c2b199"},{"page":"/pages/mobile/my/myName.js","md5":"bc0c4d588783999cb1b497ca8dd83329"},{"page":"/pages/mobile/my/myGender.js","md5":"1450d77ad149f1340db30cfe6a67bdc1"},{"page":"/pages/mobile/my/mySetting.js","md5":"40a550efb60a07dbff645e962a8385ca"},{"page":"/pages/mobile/my/mySupport.js","md5":"54f411960db8fc8d1cecf826d494224d"},{"page":"/pages/mobile/order/chooseAddress.js","md5":"63c0501305d2c5f9ea60766475e21c2f"},{"page":"/pages/mobile/order/editAddress.js","md5":"06ce4b5c2cc632de419db5ce91964d86"},{"page":"/pages/mobile/order/orderConfirm.js","md5":"09a2d5505b7678bd8aff5b732c29607a"},{"page":"/pages/mobile/order/index.js","md5":"fed227b0976900fc1f8c9cbf5a9f2128"},{"page":"/pages/mobile/order/payDetail.js","md5":"b6beeb40e1dd2f9dba44916c2e03d86b"},{"page":"/pages/mobile/order/payFailure.js","md5":"d94b1e7b05c3735e32701abd2a14f581"},{"page":"/pages/mobile/order/paySuccess.js","md5":"c02c1da03bbc150184d430b4906845a6"},{"page":"/pages/mobile/order/state.js","md5":"2fa4181f85a4859bb4ba9dd84501356b"},{"page":"/pages/mobile/order/trackingPackage.js","md5":"29a194c6cbe028b915571d3b803432f0"},{"page":"/pages/mobile/shop/goodsDetail.js","md5":"97897f96463ae0f4f9f99db13f8d407a"},{"page":"/pages/mobile/shop/ship.js","md5":"f38e3caa6807644157f419405772be4a"},{"page":"/pages/mobile/shop/simpleGoodsDetail.js","md5":"5ab7203f843e1cd6e886d927d08948cd"},{"page":"/assets/default.png","md5":"046bece4d86e909a15532c1fdcb5403b"},{"page":"/assets/empty.png","md5":"11bbcaecb43cd2132895e92bbdc4dadd"},{"page":"/assets/loading.png","md5":"45fdb2498e37c64ed4ed78847a27993a"},{"page":"/assets/occupy.png","md5":"0e2d15d3c8d07556dc8286b8df3479fa"},{"page":"/assets/pay-failure.png","md5":"0ee8be403e2773cc9f6a9f597b59c2e9"},{"page":"/assets/pay-success.png","md5":"d9b4b39a9c1487bd8b674926711176ba"},{"page":"/assets/price-drop-logo.png","md5":"013c59bb0b9daafadd8780c00872ea96"},{"page":"/assets/rectangle-line.png","md5":"c78aff10fcef6814e8cc3f9e0f47892e"}],"android":"1.0.0","iOS":"1.0.0","appName":"Eros-mobile","jsVersion":"dbcf3df447525506415bc2e590daeb2e","timestamp":1528890454142,"jsPath":"https://app.weex-eros.com/source"}
