{"filesMd5":[{"page":"/config/index.js","md5":"edfd424a2998ede8179fa082a4dbcd94"},{"page":"/pages/mobile/activity/index.js","md5":"e6f1689a4e9d87677505b0afa68ebba6"},{"page":"/mediator/index.js","md5":"12612c5867cec5f3efb556a8095f2fec"},{"page":"/pages/mobile/drops/cutDetail.js","md5":"9fd709e6199bb9705399127431a504ad"},{"page":"/pages/mobile/drops/index.js","md5":"f93e87e02d309bf9b36cf5717c8ec21a"},{"page":"/pages/mobile/home/index.js","md5":"fefe7ebd362c1b6569e277e8e49cb430"},{"page":"/pages/mobile/index.js","md5":"b98fdf5908dec3c10237de0502ab8403"},{"page":"/pages/mobile/login/index.js","md5":"5fd41d2d324cc3fadc31b8a1efee4675"},{"page":"/pages/mobile/my/faqTmp.js","md5":"2c85286ff5e22254d149020c489b6a86"},{"page":"/pages/mobile/my/myAboutUs.js","md5":"8e175b2f514fa8d8e08a7068ab7bfe53"},{"page":"/pages/mobile/my/index.js","md5":"37b96679012b5947fd444008de4fe1de"},{"page":"/pages/mobile/my/myDetail.js","md5":"df5336493f5c9caf6cc303123df7c6bd"},{"page":"/pages/mobile/my/myFaq.js","md5":"bf3bb24a8d7c5491b7ca30f87a1c485e"},{"page":"/pages/mobile/my/mySetting.js","md5":"ac0935472ec90230b2d6a09c3acee982"},{"page":"/pages/mobile/my/myGender.js","md5":"2f134ca4de28ecc55c8583c4edfdfdeb"},{"page":"/pages/mobile/my/mySupport.js","md5":"a500127a8faacc9b263cfcc263ba261e"},{"page":"/pages/mobile/order/chooseAddress.js","md5":"73eaf6eabd54375354c888e3253b76f2"},{"page":"/pages/mobile/order/editAddress.js","md5":"44d40098c5db1d4de7d3c5830488e52e"},{"page":"/pages/mobile/order/paySuccess.js","md5":"bd8d235518c04cff1ea4dea1aa977470"},{"page":"/pages/mobile/order/index.js","md5":"2e5a955ace70dce85966798679c644c1"},{"page":"/pages/mobile/order/orderConfirm.js","md5":"1a1fa584c7c9081961a9dd027d8d5845"},{"page":"/pages/mobile/order/payFailure.js","md5":"7b83d20115b71d318db4009fe8437523"},{"page":"/pages/mobile/order/state.js","md5":"b326c136d9bebb6167cae65acb15d9e2"},{"page":"/pages/mobile/shop/a.js","md5":"b3ff86dc59aa3283eadede9d0c1be495"},{"page":"/pages/mobile/order/trackingPackage.js","md5":"156a7e06b01dd9cae10d376f14087d01"},{"page":"/pages/mobile/order/payDetail.js","md5":"b76da2631ca4a1abb6dff309128c9030"},{"page":"/pages/mobile/shop/cutGoods.js","md5":"089dc530bbc18e67810f86a7757586af"},{"page":"/pages/mobile/shop/goodsDetail.js","md5":"d1b64b1b7c139ff0742f131557aa1bee"},{"page":"/assets/default.png","md5":"046bece4d86e909a15532c1fdcb5403b"},{"page":"/assets/empty.png","md5":"11bbcaecb43cd2132895e92bbdc4dadd"},{"page":"/assets/loading.png","md5":"45fdb2498e37c64ed4ed78847a27993a"},{"page":"/assets/occupy.png","md5":"0e2d15d3c8d07556dc8286b8df3479fa"},{"page":"/assets/pay-failure.png","md5":"0ee8be403e2773cc9f6a9f597b59c2e9"},{"page":"/assets/pay-success.png","md5":"d9b4b39a9c1487bd8b674926711176ba"},{"page":"/assets/price-drop-logo.png","md5":"013c59bb0b9daafadd8780c00872ea96"},{"page":"/assets/rectangle-line.png","md5":"c78aff10fcef6814e8cc3f9e0f47892e"}],"android":"1.0.0","iOS":"1.0.0","appName":"Eros-mobile","jsVersion":"921db346de7977ef5374ec006931f894","timestamp":1527759934373,"jsPath":"https://app.weex-eros.com/source"}
